{
    "faces":[32,10,9,8,0,0,0,32,8,15,14,1,1,1,32,14,13,12,2,2,2,32,12,11,10,3,3,3,32,10,8,14,4,4,4,32,14,12,10,5,5,5,32,6,1,0,6,6,6,32,0,3,2,7,7,7,32,2,5,4,8,8,8,32,4,7,6,9,9,9,32,6,0,2,10,10,10,32,2,4,6,11,11,11,33,16,9,10,17,12,12,12,12,33,17,10,11,18,13,13,13,13,33,18,11,12,19,14,14,14,14,33,19,12,13,20,15,15,15,15,33,20,13,14,21,16,16,16,16,33,21,14,15,22,17,17,17,17,33,22,15,8,23,18,18,18,18,33,23,8,9,16,19,19,19,19,33,30,23,16,31,20,20,20,20,33,29,22,23,30,21,21,21,21,33,28,21,22,29,22,22,22,22,33,27,20,21,28,23,23,23,23,33,26,19,20,27,24,24,24,24,33,25,18,19,26,25,25,25,25,33,24,17,18,25,26,26,26,26,33,31,16,17,24,27,27,27,27,33,0,31,24,3,28,28,28,28,33,3,24,25,2,29,29,29,29,33,2,25,26,5,30,30,30,30,33,5,26,27,4,31,31,31,31,33,4,27,28,7,32,32,32,32,33,7,28,29,6,33,33,33,33,33,6,29,30,1,34,34,34,34,33,31,0,1,30,35,35,35,35],
    "vertices":[0.933009,0.00247293,-0.846407,0.846407,0.00247293,-0.933009,0.846407,0.00247296,-0.0669912,0.933009,0.00247296,-0.153593,0.0669912,0.00247296,-0.153593,0.153593,0.00247296,-0.0669913,0.153593,0.00247293,-0.933009,0.0669914,0.00247293,-0.846407,0.846407,0.097527,-0.933009,0.933009,0.097527,-0.846407,0.933008,0.097527,-0.153593,0.846407,0.097527,-0.066991,0.153593,0.097527,-0.0669914,0.0669911,0.097527,-0.153593,0.0669913,0.097527,-0.846407,0.153593,0.097527,-0.933009,0.95,0.074696,-0.86,0.95,0.074696,-0.14,0.86,0.074696,-0.05,0.14,0.074696,-0.0500003,0.05,0.074696,-0.14,0.0500002,0.074696,-0.86,0.14,0.0746959,-0.95,0.86,0.0746959,-0.95,0.95,0.025304,-0.14,0.86,0.025304,-0.0500001,0.14,0.025304,-0.0500003,0.05,0.025304,-0.14,0.0500003,0.025304,-0.86,0.14,0.025304,-0.95,0.86,0.025304,-0.95,0.95,0.025304,-0.86],
    "uvs":[],
    "metadata":{
        "faces":36,
        "generator":"io_three",
        "uvs":0,
        "version":3,
        "vertices":32,
        "type":"Geometry",
        "normals":36
    },
    "normals":[4.30164e-08,1,-4.30163e-08,-0,1,0,4.30164e-08,1,-4.30163e-08,0,1,0,-4.19671e-09,1,-3.77704e-08,-4.1967e-09,1,-3.77705e-08,-1.11024e-14,-1,4.30163e-08,1.11024e-14,-1,4.30163e-08,-5.55122e-15,-1,4.30164e-08,-1.48032e-14,-1,4.30163e-08,-1.22759e-14,-1,4.30163e-08,-3.61055e-15,-1,4.30163e-08,0.802223,0.597025,3.46713e-07,0.513363,0.68769,0.513363,-3.554e-07,0.597022,0.802225,-0.513363,0.687689,0.513363,-0.802224,0.597023,-2.2873e-07,-0.513362,0.687691,-0.513362,2.02671e-07,0.597025,-0.802222,0.513362,0.687691,-0.513362,0.707107,-3.70362e-07,-0.707107,2.48353e-07,1.20677e-06,-1,-0.707107,-4.44434e-07,-0.707107,-1,-9.05076e-07,-2.69049e-07,-0.707107,1.48145e-07,0.707107,-3.10441e-07,-3.01693e-07,1,0.707107,-2.22217e-07,0.707107,1,-6.03384e-07,3.72529e-07,0.802223,-0.597024,1.6069e-07,0.513363,-0.68769,0.513363,-1.52727e-07,-0.597024,0.802224,-0.513362,-0.68769,0.513363,-0.802223,-0.597025,-2.12081e-07,-0.513362,-0.68769,-0.513362,2.02672e-07,-0.597023,-0.802224,0.513362,-0.687691,-0.513362]
}