{
    "metadata":{
        "version":3,
        "type":"Geometry",
        "faces":6,
        "normals":6,
        "vertices":8,
        "colors":0,
        "generator":"io_three",
        "uvs":1,
        "materials":1
    },
    "normals":[-7.10543e-15,-1,4.47035e-08,1.59872e-14,1,-4.47035e-08,1,5.96046e-07,2.98023e-07,-2.83122e-07,-1.04308e-06,1,-1,-1.3411e-06,-2.23517e-07,2.08616e-07,2.08616e-06,-1],
    "faces":[43,0,1,2,3,0,0,1,2,3,0,0,0,0,43,4,7,6,5,0,0,1,2,3,1,1,1,1,43,0,4,5,1,0,0,1,2,3,2,2,2,2,43,1,5,6,2,0,0,1,2,3,3,3,3,3,43,2,6,7,3,0,0,1,2,3,4,4,4,4,43,4,0,3,7,0,0,1,2,3,5,5,5,5],
    "uvs":[[0,0,1,0,1,1,0,1]],
    "vertices":[1,-4.47035e-08,-1,1,0,-2.38419e-07,1.78814e-07,0,-3.27826e-07,4.17233e-07,-4.47035e-08,-1,1,0.1,-1,0.999999,0.1,5.96046e-08,5.96046e-08,0.1,-4.17233e-07,2.68221e-07,0.1,-1],
    "colors":[],
    "materials":[{
        "shading":"phong",
        "wireframe":false,
        "DbgName":"Material",
        "doubleSided":false,
        "mapDiffuseRepeat":[1,1],
        "colorEmissive":[0,0,0],
        "colorSpecular":[0.5,0.5,0.5],
        "vertexColors":false,
        "colorDiffuse":[0.64,0.64,0.64],
        "DbgColor":15658734,
        "specularCoef":50,
        "depthWrite":true,
        "DbgIndex":0,
        "depthTest":true,
        "opacity":1,
        "visible":true,
        "transparent":false,
        "blending":"NormalBlending",
        "mapDiffuseAnisotropy":1,
        "mapDiffuseWrap":["repeat","repeat"],
        "mapDiffuse":"groundtexture.jpg"
    }]
}